Algorithm,Mean Reward,Std Reward,Success Rate,Mean Steps
DQN-Official (DDQN),95.69101566018948,49.44488378270901,0.9,19.9
PPO-Local,81.53749617067643,63.47123314117225,0.8,19.4
D3QN-Local (Custom),81.82780113103436,62.60957304034748,0.8,19.26
